{
  "uas":0.0,
  "las":0.0,
  "las_per_type":{
    "":{
      "p":0.0,
      "r":0.0,
      "f":0.0
    }
  },
  "ents_p":93.1745182013,
  "ents_r":93.0873111379,
  "ents_f":93.1308942546,
  "ents_per_type":{
    "LOCATION":{
      "p":93.9705882353,
      "r":93.3869199854,
      "f":93.6778449698
    },
    "DATE":{
      "p":97.2444444444,
      "r":99.1840435177,
      "f":98.2046678636
    },
    "AGE":{
      "p":95.3804347826,
      "r":97.2299168975,
      "f":96.2962962963
    },
    "JOB":{
      "p":82.8282828283,
      "r":62.1212121212,
      "f":70.9956709957
    },
    "PATIENT_ID":{
      "p":97.2783825816,
      "r":98.0407523511,
      "f":97.6580796253
    },
    "SYMPTOM_AND_DISEASE":{
      "p":83.8254172015,
      "r":85.2480417755,
      "f":84.5307443366
    },
    "GENDER":{
      "p":93.1899641577,
      "r":93.8628158845,
      "f":93.5251798561
    },
    "NAME":{
      "p":82.5870646766,
      "r":88.2978723404,
      "f":85.3470437018
    },
    "ORGANIZATION":{
      "p":88.1355932203,
      "r":84.7826086957,
      "f":86.4265927978
    },
    "TRANSPORTATION":{
      "p":96.4285714286,
      "r":93.1034482759,
      "f":94.7368421053
    }
  },
  "tags_acc":0.0,
  "token_acc":100.0,
  "textcat_score":0.0,
  "textcats_per_cat":{

  }
}