{
  "lang":"vi",
  "pipeline":[
    "ner"
  ],
  "spacy_version":">=2.2.4",
  "speed":{
    "nwords":56283,
    "cpu":22185.590189747,
    "gpu":null
  },
  "accuracy":{
    "ents_f":93.3797909408,
    "ents_p":93.5930154466,
    "ents_r":93.1675357668,
    "ents_per_type":{
      "LOCATION":{
        "p":93.8185808339,
        "r":93.7157471684,
        "f":93.767135807
      },
      "DATE":{
        "p":97.3238180196,
        "r":98.9120580236,
        "f":98.1115107914
      },
      "AGE":{
        "p":94.6380697051,
        "r":97.783933518,
        "f":96.1852861035
      },
      "JOB":{
        "p":82.0,
        "r":62.1212121212,
        "f":70.6896551724
      },
      "PATIENT_ID":{
        "p":97.7431906615,
        "r":98.4326018809,
        "f":98.0866848887
      },
      "SYMPTOM_AND_DISEASE":{
        "p":84.7854356307,
        "r":85.1174934726,
        "f":84.9511400651
      },
      "GENDER":{
        "p":92.8825622776,
        "r":94.2238267148,
        "f":93.5483870968
      },
      "NAME":{
        "p":89.5027624309,
        "r":86.170212766,
        "f":87.8048780488
      },
      "ORGANIZATION":{
        "p":89.748549323,
        "r":84.0579710145,
        "f":86.8101028999
      },
      "TRANSPORTATION":{
        "p":97.619047619,
        "r":94.2528735632,
        "f":95.9064327485
      }
    },
    "token_acc":100.0
  },
  "vectors":{
    "width":128,
    "vectors":65326,
    "keys":65326,
    "name":"vi_spacy_model.vectors"
  },
  "name":"model0",
  "version":"0.0.0",
  "labels":{
    "ner":[
      "AGE",
      "DATE",
      "GENDER",
      "JOB",
      "LOCATION",
      "NAME",
      "ORGANIZATION",
      "PATIENT_ID",
      "SYMPTOM_AND_DISEASE",
      "TRANSPORTATION"
    ]
  }
}