{
  "uas":0.0,
  "las":0.0,
  "las_per_type":{
    "":{
      "p":0.0,
      "r":0.0,
      "f":0.0
    }
  },
  "ents_p":93.471252015,
  "ents_r":93.0338280519,
  "ents_f":93.2520270723,
  "ents_per_type":{
    "LOCATION":{
      "p":94.0550458716,
      "r":93.6426744611,
      "f":93.8484071769
    },
    "DATE":{
      "p":97.3285841496,
      "r":99.0933816863,
      "f":98.2030548068
    },
    "AGE":{
      "p":95.1086956522,
      "r":96.9529085873,
      "f":96.0219478738
    },
    "JOB":{
      "p":80.412371134,
      "r":59.0909090909,
      "f":68.1222707424
    },
    "PATIENT_ID":{
      "p":97.6635514019,
      "r":98.275862069,
      "f":97.96875
    },
    "SYMPTOM_AND_DISEASE":{
      "p":84.5253576073,
      "r":84.8563968668,
      "f":84.6905537459
    },
    "NAME":{
      "p":86.7021276596,
      "r":86.7021276596,
      "f":86.7021276596
    },
    "GENDER":{
      "p":92.5266903915,
      "r":93.8628158845,
      "f":93.1899641577
    },
    "ORGANIZATION":{
      "p":88.5931558935,
      "r":84.4202898551,
      "f":86.4564007421
    },
    "TRANSPORTATION":{
      "p":97.5903614458,
      "r":93.1034482759,
      "f":95.2941176471
    }
  },
  "tags_acc":0.0,
  "token_acc":100.0,
  "textcat_score":0.0,
  "textcats_per_cat":{

  }
}