{
  "uas":0.0,
  "las":0.0,
  "las_per_type":{
    "":{
      "p":0.0,
      "r":0.0,
      "f":0.0
    }
  },
  "ents_p":90.1546738399,
  "ents_r":89.624281321,
  "ents_f":89.8886951857,
  "ents_per_type":{
    "LOCATION":{
      "p":89.8298950416,
      "r":90.6832298137,
      "f":90.2545454545
    },
    "DATE":{
      "p":96.0,
      "r":97.9147778785,
      "f":96.947935368
    },
    "AGE":{
      "p":93.2011331445,
      "r":91.135734072,
      "f":92.1568627451
    },
    "JOB":{
      "p":78.0,
      "r":29.5454545455,
      "f":42.8571428571
    },
    "PATIENT_ID":{
      "p":94.5537065053,
      "r":97.9623824451,
      "f":96.2278675905
    },
    "SYMPTOM_AND_DISEASE":{
      "p":81.9499341238,
      "r":81.2010443864,
      "f":81.5737704918
    },
    "GENDER":{
      "p":89.6428571429,
      "r":90.6137184116,
      "f":90.1256732496
    },
    "NAME":{
      "p":80.9523809524,
      "r":81.3829787234,
      "f":81.1671087533
    },
    "ORGANIZATION":{
      "p":82.3529411765,
      "r":76.0869565217,
      "f":79.0960451977
    },
    "TRANSPORTATION":{
      "p":91.6666666667,
      "r":88.5057471264,
      "f":90.0584795322
    }
  },
  "tags_acc":0.0,
  "token_acc":100.0,
  "textcat_score":0.0,
  "textcats_per_cat":{

  }
}