{
  "uas":0.0,
  "las":0.0,
  "las_per_type":{
    "":{
      "p":0.0,
      "r":0.0,
      "f":0.0
    }
  },
  "ents_p":93.4012875536,
  "ents_r":93.1140526808,
  "ents_f":93.2574489454,
  "ents_per_type":{
    "LOCATION":{
      "p":93.5354273192,
      "r":93.5696017537,
      "f":93.5525114155
    },
    "DATE":{
      "p":97.3262032086,
      "r":99.0027198549,
      "f":98.1573033708
    },
    "AGE":{
      "p":93.9153439153,
      "r":98.3379501385,
      "f":96.0757780785
    },
    "JOB":{
      "p":80.5825242718,
      "r":62.8787878788,
      "f":70.6382978723
    },
    "PATIENT_ID":{
      "p":97.5894245723,
      "r":98.3542319749,
      "f":97.9703356753
    },
    "SYMPTOM_AND_DISEASE":{
      "p":84.9476439791,
      "r":84.725848564,
      "f":84.8366013072
    },
    "GENDER":{
      "p":92.9078014184,
      "r":94.5848375451,
      "f":93.7388193202
    },
    "NAME":{
      "p":89.0710382514,
      "r":86.7021276596,
      "f":87.8706199461
    },
    "ORGANIZATION":{
      "p":89.5348837209,
      "r":83.6956521739,
      "f":86.5168539326
    },
    "TRANSPORTATION":{
      "p":97.619047619,
      "r":94.2528735632,
      "f":95.9064327485
    }
  },
  "tags_acc":0.0,
  "token_acc":100.0,
  "textcat_score":0.0,
  "textcats_per_cat":{

  }
}