{
  "lang":"vi",
  "pipeline":[
    "ner"
  ],
  "spacy_version":">=2.2.4",
  "speed":{
    "nwords":56283,
    "cpu":20187.1109148166,
    "gpu":null
  },
  "accuracy":{
    "ents_f":93.1673693368,
    "ents_p":93.2609860665,
    "ents_r":93.0739403664,
    "ents_per_type":{
      "LOCATION":{
        "p":94.1219691403,
        "r":93.6061381074,
        "f":93.863344935
      },
      "DATE":{
        "p":97.1555555556,
        "r":99.0933816863,
        "f":98.1149012567
      },
      "AGE":{
        "p":95.0819672131,
        "r":96.3988919668,
        "f":95.7359009629
      },
      "JOB":{
        "p":81.4432989691,
        "r":59.8484848485,
        "f":68.9956331878
      },
      "PATIENT_ID":{
        "p":97.433903577,
        "r":98.197492163,
        "f":97.8142076503
      },
      "SYMPTOM_AND_DISEASE":{
        "p":84.6451612903,
        "r":85.6396866841,
        "f":85.1395197923
      },
      "GENDER":{
        "p":92.4460431655,
        "r":92.7797833935,
        "f":92.6126126126
      },
      "NAME":{
        "p":83.6734693878,
        "r":87.2340425532,
        "f":85.4166666667
      },
      "ORGANIZATION":{
        "p":87.5,
        "r":84.9637681159,
        "f":86.2132352941
      },
      "TRANSPORTATION":{
        "p":96.3855421687,
        "r":91.9540229885,
        "f":94.1176470588
      }
    },
    "token_acc":100.0
  },
  "vectors":{
    "width":128,
    "vectors":65326,
    "keys":65326,
    "name":"vi_spacy_model.vectors"
  },
  "name":"model0",
  "version":"0.0.0",
  "labels":{
    "ner":[
      "AGE",
      "DATE",
      "GENDER",
      "JOB",
      "LOCATION",
      "NAME",
      "ORGANIZATION",
      "PATIENT_ID",
      "SYMPTOM_AND_DISEASE",
      "TRANSPORTATION"
    ]
  }
}