{
  "lang":"vi",
  "pipeline":[
    "ner"
  ],
  "spacy_version":">=2.2.4",
  "speed":{
    "nwords":56283,
    "cpu":22347.3432634392,
    "gpu":null
  },
  "accuracy":{
    "ents_f":93.3199329983,
    "ents_p":93.5267257588,
    "ents_r":93.1140526808,
    "ents_per_type":{
      "LOCATION":{
        "p":93.7774524158,
        "r":93.6061381074,
        "f":93.6917169501
      },
      "DATE":{
        "p":97.3262032086,
        "r":99.0027198549,
        "f":98.1573033708
      },
      "AGE":{
        "p":94.1333333333,
        "r":97.783933518,
        "f":95.9239130435
      },
      "JOB":{
        "p":84.5360824742,
        "r":62.1212121212,
        "f":71.615720524
      },
      "PATIENT_ID":{
        "p":97.6653696498,
        "r":98.3542319749,
        "f":98.0085903944
      },
      "SYMPTOM_AND_DISEASE":{
        "p":84.8563968668,
        "r":84.8563968668,
        "f":84.8563968668
      },
      "GENDER":{
        "p":92.8825622776,
        "r":94.2238267148,
        "f":93.5483870968
      },
      "NAME":{
        "p":87.9781420765,
        "r":85.6382978723,
        "f":86.7924528302
      },
      "ORGANIZATION":{
        "p":89.4636015326,
        "r":84.6014492754,
        "f":86.9646182495
      },
      "TRANSPORTATION":{
        "p":97.5903614458,
        "r":93.1034482759,
        "f":95.2941176471
      }
    },
    "token_acc":100.0
  },
  "vectors":{
    "width":128,
    "vectors":65326,
    "keys":65326,
    "name":"vi_spacy_model.vectors"
  },
  "name":"model0",
  "version":"0.0.0",
  "labels":{
    "ner":[
      "AGE",
      "DATE",
      "GENDER",
      "JOB",
      "LOCATION",
      "NAME",
      "ORGANIZATION",
      "PATIENT_ID",
      "SYMPTOM_AND_DISEASE",
      "TRANSPORTATION"
    ]
  }
}