{
  "uas":0.0,
  "las":0.0,
  "las_per_type":{
    "":{
      "p":0.0,
      "r":0.0,
      "f":0.0
    }
  },
  "ents_p":93.101138647,
  "ents_r":92.9268618799,
  "ents_f":93.0139186296,
  "ents_per_type":{
    "LOCATION":{
      "p":93.7981651376,
      "r":93.3869199854,
      "f":93.5920908092
    },
    "DATE":{
      "p":97.4176313446,
      "r":99.1840435177,
      "f":98.2929020665
    },
    "AGE":{
      "p":95.3424657534,
      "r":96.3988919668,
      "f":95.867768595
    },
    "JOB":{
      "p":80.8080808081,
      "r":60.6060606061,
      "f":69.2640692641
    },
    "PATIENT_ID":{
      "p":97.507788162,
      "r":98.1191222571,
      "f":97.8125
    },
    "SYMPTOM_AND_DISEASE":{
      "p":84.1085271318,
      "r":84.9869451697,
      "f":84.5454545455
    },
    "GENDER":{
      "p":92.1146953405,
      "r":92.7797833935,
      "f":92.4460431655
    },
    "NAME":{
      "p":84.0206185567,
      "r":86.7021276596,
      "f":85.3403141361
    },
    "ORGANIZATION":{
      "p":87.012987013,
      "r":84.9637681159,
      "f":85.9761686526
    },
    "TRANSPORTATION":{
      "p":96.3855421687,
      "r":91.9540229885,
      "f":94.1176470588
    }
  },
  "tags_acc":0.0,
  "token_acc":100.0,
  "textcat_score":0.0,
  "textcats_per_cat":{

  }
}