{
  "lang":"vi",
  "pipeline":[
    "ner"
  ],
  "spacy_version":">=2.2.4",
  "speed":{
    "nwords":56283,
    "cpu":21883.4439645196,
    "gpu":null
  },
  "accuracy":{
    "ents_f":92.7253276277,
    "ents_p":92.7377290357,
    "ents_r":92.712929536,
    "ents_per_type":{
      "LOCATION":{
        "p":93.6718175129,
        "r":93.0215564487,
        "f":93.3455545371
      },
      "DATE":{
        "p":97.4130240856,
        "r":99.0027198549,
        "f":98.2014388489
      },
      "AGE":{
        "p":94.0860215054,
        "r":96.9529085873,
        "f":95.4979536153
      },
      "JOB":{
        "p":81.8181818182,
        "r":54.5454545455,
        "f":65.4545454545
      },
      "PATIENT_ID":{
        "p":96.9040247678,
        "r":98.1191222571,
        "f":97.507788162
      },
      "SYMPTOM_AND_DISEASE":{
        "p":84.0,
        "r":84.9869451697,
        "f":84.4905905256
      },
      "GENDER":{
        "p":93.795620438,
        "r":92.7797833935,
        "f":93.2849364791
      },
      "NAME":{
        "p":81.1224489796,
        "r":84.5744680851,
        "f":82.8125
      },
      "ORGANIZATION":{
        "p":85.1985559567,
        "r":85.5072463768,
        "f":85.3526220615
      },
      "TRANSPORTATION":{
        "p":95.4022988506,
        "r":95.4022988506,
        "f":95.4022988506
      }
    },
    "token_acc":100.0
  },
  "vectors":{
    "width":128,
    "vectors":65326,
    "keys":65326,
    "name":"vi_spacy_model.vectors"
  },
  "name":"model0",
  "version":"0.0.0",
  "labels":{
    "ner":[
      "AGE",
      "DATE",
      "GENDER",
      "JOB",
      "LOCATION",
      "NAME",
      "ORGANIZATION",
      "PATIENT_ID",
      "SYMPTOM_AND_DISEASE",
      "TRANSPORTATION"
    ]
  }
}