{
  "uas":0.0,
  "las":0.0,
  "las_per_type":{
    "":{
      "p":0.0,
      "r":0.0,
      "f":0.0
    }
  },
  "ents_p":92.651586133,
  "ents_r":92.5524802781,
  "ents_f":92.602006689,
  "ents_per_type":{
    "LOCATION":{
      "p":93.2551319648,
      "r":92.9484837413,
      "f":93.1015553522
    },
    "DATE":{
      "p":97.504456328,
      "r":99.1840435177,
      "f":98.3370786517
    },
    "AGE":{
      "p":94.1176470588,
      "r":97.5069252078,
      "f":95.7823129252
    },
    "JOB":{
      "p":82.3529411765,
      "r":53.0303030303,
      "f":64.5161290323
    },
    "PATIENT_ID":{
      "p":96.5331278891,
      "r":98.197492163,
      "f":97.3581973582
    },
    "SYMPTOM_AND_DISEASE":{
      "p":84.3626806833,
      "r":83.8120104439,
      "f":84.0864440079
    },
    "GENDER":{
      "p":94.8529411765,
      "r":93.1407942238,
      "f":93.9890710383
    },
    "NAME":{
      "p":84.2105263158,
      "r":85.1063829787,
      "f":84.6560846561
    },
    "ORGANIZATION":{
      "p":84.3525179856,
      "r":84.9637681159,
      "f":84.6570397112
    },
    "TRANSPORTATION":{
      "p":94.1176470588,
      "r":91.9540229885,
      "f":93.023255814
    }
  },
  "tags_acc":0.0,
  "token_acc":100.0,
  "textcat_score":0.0,
  "textcats_per_cat":{

  }
}