{
  "uas":0.0,
  "las":0.0,
  "las_per_type":{
    "":{
      "p":0.0,
      "r":0.0,
      "f":0.0
    }
  },
  "ents_p":93.3574879227,
  "ents_r":93.0204572804,
  "ents_f":93.1886678722,
  "ents_per_type":{
    "LOCATION":{
      "p":93.9838591343,
      "r":93.6061381074,
      "f":93.7946183416
    },
    "DATE":{
      "p":97.4130240856,
      "r":99.0027198549,
      "f":98.2014388489
    },
    "AGE":{
      "p":95.1351351351,
      "r":97.5069252078,
      "f":96.3064295486
    },
    "JOB":{
      "p":78.431372549,
      "r":60.6060606061,
      "f":68.3760683761
    },
    "PATIENT_ID":{
      "p":97.8107896794,
      "r":98.0407523511,
      "f":97.9256360078
    },
    "SYMPTOM_AND_DISEASE":{
      "p":84.3264248705,
      "r":84.9869451697,
      "f":84.655396619
    },
    "NAME":{
      "p":86.3157894737,
      "r":87.2340425532,
      "f":86.7724867725
    },
    "GENDER":{
      "p":92.1708185053,
      "r":93.5018050542,
      "f":92.8315412186
    },
    "ORGANIZATION":{
      "p":88.2575757576,
      "r":84.4202898551,
      "f":86.2962962963
    },
    "TRANSPORTATION":{
      "p":96.3855421687,
      "r":91.9540229885,
      "f":94.1176470588
    }
  },
  "tags_acc":0.0,
  "token_acc":100.0,
  "textcat_score":0.0,
  "textcats_per_cat":{

  }
}