{
  "lang":"vi",
  "pipeline":[
    "ner"
  ],
  "spacy_version":">=2.2.4",
  "speed":{
    "nwords":56283,
    "cpu":22343.5296287726,
    "gpu":null
  },
  "accuracy":{
    "ents_f":93.2137598715,
    "ents_p":93.3136808254,
    "ents_r":93.1140526808,
    "ents_per_type":{
      "LOCATION":{
        "p":93.9015429831,
        "r":93.3869199854,
        "f":93.643524455
      },
      "DATE":{
        "p":97.504456328,
        "r":99.1840435177,
        "f":98.3370786517
      },
      "AGE":{
        "p":95.1351351351,
        "r":97.5069252078,
        "f":96.3064295486
      },
      "JOB":{
        "p":78.8461538462,
        "r":62.1212121212,
        "f":69.4915254237
      },
      "PATIENT_ID":{
        "p":97.5875486381,
        "r":98.275862069,
        "f":97.9304959
      },
      "SYMPTOM_AND_DISEASE":{
        "p":83.8046272494,
        "r":85.1174934726,
        "f":84.4559585492
      },
      "GENDER":{
        "p":93.5251798561,
        "r":93.8628158845,
        "f":93.6936936937
      },
      "NAME":{
        "p":85.2040816327,
        "r":88.829787234,
        "f":86.9791666667
      },
      "ORGANIZATION":{
        "p":88.783269962,
        "r":84.6014492754,
        "f":86.6419294991
      },
      "TRANSPORTATION":{
        "p":97.5609756098,
        "r":91.9540229885,
        "f":94.674556213
      }
    },
    "token_acc":100.0
  },
  "vectors":{
    "width":128,
    "vectors":65326,
    "keys":65326,
    "name":"vi_spacy_model.vectors"
  },
  "name":"model0",
  "version":"0.0.0",
  "labels":{
    "ner":[
      "AGE",
      "DATE",
      "GENDER",
      "JOB",
      "LOCATION",
      "NAME",
      "ORGANIZATION",
      "PATIENT_ID",
      "SYMPTOM_AND_DISEASE",
      "TRANSPORTATION"
    ]
  }
}