{
  "uas":0.0,
  "las":0.0,
  "las_per_type":{
    "":{
      "p":0.0,
      "r":0.0,
      "f":0.0
    }
  },
  "ents_p":92.8848468637,
  "ents_r":92.8600080225,
  "ents_f":92.8724257823,
  "ents_per_type":{
    "LOCATION":{
      "p":93.5826916025,
      "r":93.2407745707,
      "f":93.411420205
    },
    "DATE":{
      "p":97.1580817052,
      "r":99.1840435177,
      "f":98.1606101391
    },
    "AGE":{
      "p":94.8509485095,
      "r":96.9529085873,
      "f":95.8904109589
    },
    "JOB":{
      "p":79.381443299,
      "r":58.3333333333,
      "f":67.2489082969
    },
    "PATIENT_ID":{
      "p":97.3540856031,
      "r":98.0407523511,
      "f":97.696212417
    },
    "SYMPTOM_AND_DISEASE":{
      "p":84.2652795839,
      "r":84.5953002611,
      "f":84.4299674267
    },
    "GENDER":{
      "p":92.8057553957,
      "r":93.1407942238,
      "f":92.972972973
    },
    "NAME":{
      "p":83.5897435897,
      "r":86.7021276596,
      "f":85.1174934726
    },
    "ORGANIZATION":{
      "p":86.1060329068,
      "r":85.3260869565,
      "f":85.7142857143
    },
    "TRANSPORTATION":{
      "p":96.4285714286,
      "r":93.1034482759,
      "f":94.7368421053
    }
  },
  "tags_acc":0.0,
  "token_acc":100.0,
  "textcat_score":0.0,
  "textcats_per_cat":{

  }
}