{
  "lang":"vi",
  "pipeline":[
    "ner"
  ],
  "spacy_version":">=2.2.4",
  "speed":{
    "nwords":56283,
    "cpu":20409.2096958072,
    "gpu":null
  },
  "accuracy":{
    "ents_f":92.8456806633,
    "ents_p":92.8580981677,
    "ents_r":92.8332664795,
    "ents_per_type":{
      "LOCATION":{
        "p":94.0287504607,
        "r":93.204238217,
        "f":93.6146788991
      },
      "DATE":{
        "p":97.0692717584,
        "r":99.0933816863,
        "f":98.0708838044
      },
      "AGE":{
        "p":94.3396226415,
        "r":96.9529085873,
        "f":95.6284153005
      },
      "JOB":{
        "p":82.9545454545,
        "r":55.303030303,
        "f":66.3636363636
      },
      "PATIENT_ID":{
        "p":96.826625387,
        "r":98.0407523511,
        "f":97.4299065421
      },
      "SYMPTOM_AND_DISEASE":{
        "p":84.4072164948,
        "r":85.5091383812,
        "f":84.9546044099
      },
      "GENDER":{
        "p":93.4545454545,
        "r":92.7797833935,
        "f":93.115942029
      },
      "NAME":{
        "p":81.8181818182,
        "r":86.170212766,
        "f":83.9378238342
      },
      "ORGANIZATION":{
        "p":84.8648648649,
        "r":85.3260869565,
        "f":85.0948509485
      },
      "TRANSPORTATION":{
        "p":96.3855421687,
        "r":91.9540229885,
        "f":94.1176470588
      }
    },
    "token_acc":100.0
  },
  "vectors":{
    "width":128,
    "vectors":65326,
    "keys":65326,
    "name":"vi_spacy_model.vectors"
  },
  "name":"model0",
  "version":"0.0.0",
  "labels":{
    "ner":[
      "AGE",
      "DATE",
      "GENDER",
      "JOB",
      "LOCATION",
      "NAME",
      "ORGANIZATION",
      "PATIENT_ID",
      "SYMPTOM_AND_DISEASE",
      "TRANSPORTATION"
    ]
  }
}