{
  "lang":"vi",
  "pipeline":[
    "ner"
  ],
  "spacy_version":">=2.2.4",
  "speed":{
    "nwords":56283,
    "cpu":22401.4684813859,
    "gpu":null
  },
  "accuracy":{
    "ents_f":93.2226091615,
    "ents_p":93.3852140078,
    "ents_r":93.0605695949,
    "ents_per_type":{
      "LOCATION":{
        "p":93.6131386861,
        "r":93.7157471684,
        "f":93.6644148256
      },
      "DATE":{
        "p":97.2395369546,
        "r":99.0027198549,
        "f":98.1132075472
      },
      "AGE":{
        "p":94.3699731903,
        "r":97.5069252078,
        "f":95.9128065395
      },
      "JOB":{
        "p":81.8181818182,
        "r":61.3636363636,
        "f":70.1298701299
      },
      "PATIENT_ID":{
        "p":97.890625,
        "r":98.197492163,
        "f":98.0438184664
      },
      "SYMPTOM_AND_DISEASE":{
        "p":84.5654993515,
        "r":85.1174934726,
        "f":84.8405985686
      },
      "NAME":{
        "p":86.5591397849,
        "r":85.6382978723,
        "f":86.0962566845
      },
      "GENDER":{
        "p":92.8825622776,
        "r":94.2238267148,
        "f":93.5483870968
      },
      "ORGANIZATION":{
        "p":89.3822393822,
        "r":83.8768115942,
        "f":86.5420560748
      },
      "TRANSPORTATION":{
        "p":97.5609756098,
        "r":91.9540229885,
        "f":94.674556213
      }
    },
    "token_acc":100.0
  },
  "vectors":{
    "width":128,
    "vectors":65326,
    "keys":65326,
    "name":"vi_spacy_model.vectors"
  },
  "name":"model0",
  "version":"0.0.0",
  "labels":{
    "ner":[
      "AGE",
      "DATE",
      "GENDER",
      "JOB",
      "LOCATION",
      "NAME",
      "ORGANIZATION",
      "PATIENT_ID",
      "SYMPTOM_AND_DISEASE",
      "TRANSPORTATION"
    ]
  }
}