{
  "lang":"vi",
  "pipeline":[
    "ner"
  ],
  "spacy_version":">=2.2.4",
  "speed":{
    "nwords":56283,
    "cpu":20053.777901521,
    "gpu":null
  },
  "accuracy":{
    "ents_f":92.802245539,
    "ents_p":92.7712453234,
    "ents_r":92.8332664795,
    "ents_per_type":{
      "LOCATION":{
        "p":93.8121546961,
        "r":93.0580928023,
        "f":93.4336023478
      },
      "DATE":{
        "p":96.9804618117,
        "r":99.0027198549,
        "f":97.9811574697
      },
      "AGE":{
        "p":94.1489361702,
        "r":98.0609418283,
        "f":96.0651289009
      },
      "JOB":{
        "p":80.8510638298,
        "r":57.5757575758,
        "f":67.2566371681
      },
      "PATIENT_ID":{
        "p":97.1317829457,
        "r":98.197492163,
        "f":97.6617303196
      },
      "SYMPTOM_AND_DISEASE":{
        "p":83.9586028461,
        "r":84.725848564,
        "f":84.3404808317
      },
      "GENDER":{
        "p":91.8149466192,
        "r":93.1407942238,
        "f":92.4731182796
      },
      "NAME":{
        "p":85.8638743455,
        "r":87.2340425532,
        "f":86.5435356201
      },
      "ORGANIZATION":{
        "p":84.6846846847,
        "r":85.1449275362,
        "f":84.9141824752
      },
      "TRANSPORTATION":{
        "p":96.3855421687,
        "r":91.9540229885,
        "f":94.1176470588
      }
    },
    "token_acc":100.0
  },
  "vectors":{
    "width":128,
    "vectors":65326,
    "keys":65326,
    "name":"vi_spacy_model.vectors"
  },
  "name":"model0",
  "version":"0.0.0",
  "labels":{
    "ner":[
      "AGE",
      "DATE",
      "GENDER",
      "JOB",
      "LOCATION",
      "NAME",
      "ORGANIZATION",
      "PATIENT_ID",
      "SYMPTOM_AND_DISEASE",
      "TRANSPORTATION"
    ]
  }
}