{
  "uas":0.0,
  "las":0.0,
  "las_per_type":{
    "":{
      "p":0.0,
      "r":0.0,
      "f":0.0
    }
  },
  "ents_p":93.2921921116,
  "ents_r":92.9803449659,
  "ents_f":93.1360075002,
  "ents_per_type":{
    "LOCATION":{
      "p":93.9149560117,
      "r":93.6061381074,
      "f":93.7602927722
    },
    "DATE":{
      "p":97.4153297683,
      "r":99.0933816863,
      "f":98.2471910112
    },
    "AGE":{
      "p":94.8648648649,
      "r":97.2299168975,
      "f":96.0328317373
    },
    "JOB":{
      "p":78.7878787879,
      "r":59.0909090909,
      "f":67.5324675325
    },
    "PATIENT_ID":{
      "p":97.7361436378,
      "r":98.1191222571,
      "f":97.9272585061
    },
    "SYMPTOM_AND_DISEASE":{
      "p":84.1968911917,
      "r":84.8563968668,
      "f":84.5253576073
    },
    "NAME":{
      "p":85.3403141361,
      "r":86.7021276596,
      "f":86.0158311346
    },
    "GENDER":{
      "p":92.2261484099,
      "r":94.2238267148,
      "f":93.2142857143
    },
    "ORGANIZATION":{
      "p":88.1904761905,
      "r":83.8768115942,
      "f":85.9795728877
    },
    "TRANSPORTATION":{
      "p":97.5903614458,
      "r":93.1034482759,
      "f":95.2941176471
    }
  },
  "tags_acc":0.0,
  "token_acc":100.0,
  "textcat_score":0.0,
  "textcats_per_cat":{

  }
}