{
  "lang":"vi",
  "pipeline":[
    "ner"
  ],
  "spacy_version":">=2.2.4",
  "speed":{
    "nwords":56283,
    "cpu":19983.263006047,
    "gpu":null
  },
  "accuracy":{
    "ents_f":93.383337798,
    "ents_p":93.5462229975,
    "ents_r":93.2210188528,
    "ents_per_type":{
      "LOCATION":{
        "p":93.6496350365,
        "r":93.7522835221,
        "f":93.7009311667
      },
      "DATE":{
        "p":97.2346119536,
        "r":98.8213961922,
        "f":98.0215827338
      },
      "AGE":{
        "p":94.4,
        "r":98.0609418283,
        "f":96.1956521739
      },
      "JOB":{
        "p":80.5825242718,
        "r":62.8787878788,
        "f":70.6382978723
      },
      "PATIENT_ID":{
        "p":97.66718507,
        "r":98.4326018809,
        "f":98.0483996877
      },
      "SYMPTOM_AND_DISEASE":{
        "p":85.6389986825,
        "r":84.8563968668,
        "f":85.2459016393
      },
      "GENDER":{
        "p":92.2535211268,
        "r":94.5848375451,
        "f":93.4046345811
      },
      "NAME":{
        "p":89.1304347826,
        "r":87.2340425532,
        "f":88.1720430108
      },
      "ORGANIZATION":{
        "p":89.9419729207,
        "r":84.2391304348,
        "f":86.9971936389
      },
      "TRANSPORTATION":{
        "p":97.619047619,
        "r":94.2528735632,
        "f":95.9064327485
      }
    },
    "token_acc":100.0
  },
  "vectors":{
    "width":128,
    "vectors":65326,
    "keys":65326,
    "name":"vi_spacy_model.vectors"
  },
  "name":"model0",
  "version":"0.0.0",
  "labels":{
    "ner":[
      "AGE",
      "DATE",
      "GENDER",
      "JOB",
      "LOCATION",
      "NAME",
      "ORGANIZATION",
      "PATIENT_ID",
      "SYMPTOM_AND_DISEASE",
      "TRANSPORTATION"
    ]
  }
}