{
  "lang":"vi",
  "pipeline":[
    "ner"
  ],
  "spacy_version":">=2.2.4",
  "speed":{
    "nwords":56283,
    "cpu":19980.1697445731,
    "gpu":null
  },
  "accuracy":{
    "ents_f":91.8839417034,
    "ents_p":91.8839417034,
    "ents_r":91.8839417034,
    "ents_per_type":{
      "LOCATION":{
        "p":92.8440366972,
        "r":92.4369747899,
        "f":92.6400585866
      },
      "DATE":{
        "p":97.2370766488,
        "r":98.9120580236,
        "f":98.0674157303
      },
      "AGE":{
        "p":94.0540540541,
        "r":96.3988919668,
        "f":95.2120383037
      },
      "JOB":{
        "p":75.0,
        "r":45.4545454545,
        "f":56.6037735849
      },
      "PATIENT_ID":{
        "p":96.0061443932,
        "r":97.9623824451,
        "f":96.9743987587
      },
      "SYMPTOM_AND_DISEASE":{
        "p":82.6649417853,
        "r":83.4203655352,
        "f":83.0409356725
      },
      "GENDER":{
        "p":93.4065934066,
        "r":92.0577617329,
        "f":92.7272727273
      },
      "NAME":{
        "p":78.8461538462,
        "r":87.2340425532,
        "f":82.8282828283
      },
      "ORGANIZATION":{
        "p":83.8235294118,
        "r":82.6086956522,
        "f":83.2116788321
      },
      "TRANSPORTATION":{
        "p":96.3414634146,
        "r":90.8045977011,
        "f":93.4911242604
      }
    },
    "token_acc":100.0
  },
  "vectors":{
    "width":128,
    "vectors":65326,
    "keys":65326,
    "name":"vi_spacy_model.vectors"
  },
  "name":"model0",
  "version":"0.0.0",
  "labels":{
    "ner":[
      "AGE",
      "DATE",
      "GENDER",
      "JOB",
      "LOCATION",
      "NAME",
      "ORGANIZATION",
      "PATIENT_ID",
      "SYMPTOM_AND_DISEASE",
      "TRANSPORTATION"
    ]
  }
}